{
    "Name": "Atom_NAND",
    "N_inputs": 2,
    "N_outputs": 1,
    "atom_function_vec": [
        "0.62550413608551*tanh(0.62550413608551*a_1 - 0.62550413608551*tanh(1.26072323322296*a_0) - 1.26072323322296*tanh(0.62550413608551*a_0 + 0.62550413608551*tanh(0.362799048423767*a_1))) + 0.62550413608551*tanh(0.62550413608551*tanh(0.362799048423767*a_0 + 0.62550413608551*tanh(-1.26072323322296*a_1 + 0.62550413608551*tanh(0.62550413608551*a_0 + 0.62550413608551*tanh(0.362799048423767*a_1))) - 1.26072323322296)) + 0.62550413608551"
    ]
}
